Workbook

Sheet Banco de preguntas
A1: MALVINIZADOS · Banco de preguntas inicial — BORRADOR PARA REVISIÓN (pre-entrega 21/10)
A2: Columna «Comentarios de revisión» para completar en la revisión. «Recurso multimedia»: youtube = la pregunta lleva un video o fragmento a cargar luego.
A4: N.º | B4: Eje | C4: Pregunta | D4: Respuesta correcta | E4: Opción incorrecta 1 | F4: Opción incorrecta 2 | G4: Opción incorrecta 3 | H4: Breve explicación | I4: Nivel de dificultad | J4: Fuente | K4: Recurso multimedia | L4: Comentarios de revisión (Mariano)
A5: 1 | B5: Malvinas: historia, soberanía y memoria | C5: ¿Entre qué coronas se repartieron las zonas de navegación y conquista del Atlántico con el Tratado de Tordesillas de 1494? | D5: Castilla (junto con Aragón) y Portugal | E5: Inglaterra y Francia | F5: Portugal e Inglaterra | G5: Castilla y los Países Bajos | H5: Firmado el 7 de junio de 1494, trazó una línea a 370 leguas al oeste de Cabo Verde: lo que quedaba al oeste correspondía a Castilla y Aragón, y lo del este a Portugal. Es uno de los antecedentes de los títulos españoles sobre el Atlántico Sur. | I5: Fácil | J5: Wikipedia, «Tratado de Tordesillas» – https://es.wikipedia.org/wiki/Tratado_de_Tordesillas | K5: —
A6: 2 | B6: Malvinas: historia, soberanía y memoria | C6: ¿Quién izó la bandera argentina en Puerto Soledad el 6 de noviembre de 1820? | D6: David Jewett | E6: Luis Vernet | F6: José María Pinedo | G6: Guillermo Brown | H6: Jewett era un marino estadounidense al servicio de las Provincias Unidas. Llegó al mando de la fragata Heroína y tomó posesión de las islas en nombre del gobierno de Buenos Aires. | I6: Media | J6: Infobae, «Como hace 200 años: que la bandera argentina vuelva a flamear en Malvinas» (2020) – https://www.infobae.com/opinion/2020/11/06/como-hace-200-anos-que-la-bandera-argentina-vuelva-a-flamear-en-malvinas/ | K6: —
A7: 3 | B7: Malvinas: historia, soberanía y memoria | C7: ¿Qué se conmemora en la Argentina cada 10 de junio? | D7: El Día de la Afirmación de los Derechos Argentinos sobre las Malvinas, Islas y Sector Antártico | E7: El Día del Veterano y de los Caídos en la Guerra de Malvinas | F7: El Día de la Soberanía Nacional | G7: El Día de la Antártida Argentina | H7: Recuerda el decreto del 10 de junio de 1829 que creó la Comandancia Política y Militar de las Islas Malvinas y nombró a Luis Vernet como su primer comandante. | I7: Media | J7: Gobierno de Río Negro, «Día de la Afirmación de los Derechos Argentinos sobre las Islas Malvinas» – https://rionegro.gov.ar/articulo/54363/dia-de-la-afirmacion-de-los-derechos-argentinos-sobre-las-islas-malvinas | K7: —
A8: 4 | B8: Malvinas: historia, soberanía y memoria | C8: En 1831, ¿qué buque de guerra de los Estados Unidos atacó el asentamiento argentino de Puerto Soledad? | D8: La corbeta USS Lexington | E8: La corbeta HMS Clio | F8: La fragata Heroína | G8: El submarino HMS Conqueror | H8: Al mando de Silas Duncan, la Lexington llegó como represalia porque Vernet había capturado barcos loberos estadounidenses que no respetaban sus normas de caza. Detuvo a varios pobladores y dejó la colonia muy debilitada. | I8: Difícil | J8: Wikipedia, «Falklands Expedition» – https://en.wikipedia.org/wiki/Falklands_Expedition | K8: —
A9: 5 | B9: Malvinas: historia, soberanía y memoria | C9: ¿En qué año el Reino Unido ocupó por la fuerza las Malvinas y expulsó a las autoridades argentinas? | D9: 1833 | E9: 1820 | F9: 1810 | G9: 1882 | H9: El 3 de enero de 1833 la corbeta británica Clio, al mando de John Onslow, exigió arriar la bandera argentina. El comandante José María Pinedo se negó a arriarla, pero se retiró ante la superioridad militar británica. | I9: Fácil | J9: Argentina.gob.ar – https://www.argentina.gob.ar/node/349169 | K9: —
A10: 6 | B10: Malvinas: historia, soberanía y memoria | C10: ¿Qué intelectual publicó en 1910 «Les Îles Malouines», una obra clave para difundir los derechos argentinos sobre las islas? | D10: Paul Groussac | E10: Domingo F. Sarmiento | F10: Ricardo Rojas | G10: José Ingenieros | H10: Groussac, de origen francés y director de la Biblioteca Nacional, escribió el libro en francés. Es una de las obras de referencia sobre los fundamentos del reclamo argentino. | I10: Difícil | J10: Wikipedia, «Paul Groussac» – https://en.wikipedia.org/wiki/Paul_Groussac | K10: —
A11: 7 | B11: Malvinas: historia, soberanía y memoria | C11: ¿Qué hizo el aviador civil Miguel Fitzgerald el 8 de septiembre de 1964? | D11: Voló solo hasta las islas, aterrizó y dejó una bandera argentina y una proclama | E11: Inauguró los primeros vuelos regulares hacia las islas | F11: Rescató a un barco británico en el Atlántico Sur | G11: Trazó el primer mapa aéreo del archipiélago | H11: Partió desde Río Gallegos en una avioneta Cessna 185 que llamó «Luis Vernet». Aterrizó en el hipódromo de Puerto Stanley, colocó una bandera, entregó una proclama en castellano y regresó al continente. | I11: Difícil | J11: BAE Negocios, «Se cumplen 60 años del primer viaje histórico a Malvinas» (2024) – https://www.baenegocios.com/sociedad/Se-cumplen-60-anos-del-primer-viaje-historico-a-Malvinas-20240909-0010.html | K11: —
A12: 8 | B12: Malvinas: historia, soberanía y memoria | C12: ¿Cómo se llamó la acción de 1966 en la que un grupo de jóvenes desvió un avión de Aerolíneas Argentinas hacia Malvinas? | D12: Operativo Cóndor | E12: Operación Rosario | F12: Operación Algeciras | G12: Operativo Soberanía | H12: El 28 de septiembre de 1966, 18 jóvenes encabezados por Dardo Cabo desviaron un DC-4 de Aerolíneas, aterrizaron en el hipódromo de Puerto Stanley y desplegaron banderas argentinas. | I12: Difícil | J12: Wikipedia, «Aerolíneas Argentinas Flight 648» – https://en.wikipedia.org/wiki/Aerol%C3%ADneas_Argentinas_Flight_648 | K12: —
A13: 9 | B13: Malvinas: historia, soberanía y memoria | C13: ¿Qué reconoció la Resolución 2065 de la Asamblea General de la ONU, aprobada en 1965? | D13: La existencia de una disputa de soberanía entre la Argentina y el Reino Unido, e invitó a ambos a negociar | E13: La independencia de las islas | F13: La soberanía británica definitiva sobre las islas | G13: Que las islas pasaban a ser administradas por la ONU | H13: Aprobada el 16 de diciembre de 1965, invitó a ambos países a negociar una solución pacífica teniendo en cuenta los intereses de los habitantes de las islas. | I13: Media | J13: Cancillería Argentina, «Período 1945-1965» – https://cancilleria.gob.ar/es/politica-exterior/cuestion-malvinas/antecedentes/periodo-1945-1965 | K13: —
A14: 10 | B14: Malvinas: historia, soberanía y memoria | C14: ¿Cuántos días duró la Guerra de Malvinas de 1982? | D14: 74 días | E14: 30 días | F14: 45 días | G14: 100 días | H14: Comenzó el 2 de abril con la Operación Rosario y terminó con la rendición argentina del 14 de junio. Murieron 649 militares argentinos. | I14: Fácil | J14: Wikipedia, «Guerra de las Malvinas» – https://es.wikipedia.org/wiki/Guerra_de_las_Malvinas | K14: —
A15: 11 | B15: Malvinas: historia, soberanía y memoria | C15: El crucero ARA General Belgrano fue hundido el 2 de mayo de 1982. ¿Dónde se encontraba en ese momento? | D15: Fuera de la zona de exclusión de 200 millas fijada por el Reino Unido | E15: Dentro del puerto de Puerto Argentino | F15: Dentro de la zona de exclusión, atacando a la flota británica | G15: En el Río de la Plata | H15: Fue alcanzado por torpedos del submarino británico HMS Conqueror. Murieron 323 tripulantes, casi la mitad de los argentinos caídos en la guerra. | I15: Difícil | J15: La Capital (Mar del Plata), «40 años del hundimiento del crucero General Belgrano» – https://www.lacapitalmdp.com/40-anos-del-hundimiento-del-crucero-general-belgrano-la-nobleza-de-un-buque-que-supo-ser-hogar/ | K15: —
A16: 12 | B16: Malvinas: historia, soberanía y memoria | C16: ¿Qué se conmemora en la Argentina cada 2 de abril? | D16: El Día del Veterano y de los Caídos en la Guerra de Malvinas | E16: El Día de la Afirmación de los Derechos Argentinos sobre Malvinas | F16: El Día de la Bandera | G16: El Día de la Soberanía Nacional | H16: Lo establece la Ley 25.370. La fecha recuerda el inicio de la guerra en 1982 y homenajea a quienes combatieron y a quienes murieron. | I16: Fácil | J16: Ley 25.370 (Argentina.gob.ar) – https://www.argentina.gob.ar/normativa/nacional/norma-65442/texto | K16: —
... A52: 48 | B52: Malvinas y el fútbol: pasión, identidad y memoria | C52: El estadio Malvinas Argentinas de Mendoza se construyó para el Mundial 78 con otro nombre. ¿Cuál era? | D52: Estadio Ciudad de Mendoza | E52: Estadio San Martín | F52: Estadio Libertador General San Martín de Cuyo | G52: Estadio Mundialista Andino | H52: Se inauguró el 14 de mayo de 1978 y luego se lo renombró en homenaje a los caídos en la Guerra de Malvinas. | I52: Difícil | J52: Gobierno de Mendoza, «El Malvinas, un paseo mundial imperdible» – https://www.mendoza.gov.ar/prensa/el-malvinas-un-paseo-mundial-imperdible/ | K52: —

Sheet Resumen
A1: Resumen del banco
A3: Eje | B3: Fácil | C3: Media | D3: Difícil | E3: Experto | F3: Total | G3: Mínimo pedido (8)
A4: Malvinas: historia, soberanía y memoria | B4: =COUNTIFS('Banco de preguntas'!$B$5:$B$52,$A4,'Banco de preguntas'!$I$5:$I$52,"Fácil") -> 4 | C4: =COUNTIFS('Banco de preguntas'!$B$5:$B$52,$A4,'Banco de preguntas'!$I$5:$I$52,"Media") -> 5 | D4: =COUNTIFS('Banco de preguntas'!$B$5:$B$52,$A4,'Banco de preguntas'!$I$5:$I$52,"Difícil") -> 5 | E4: =COUNTIFS('Banco de preguntas'!$B$5:$B$52,$A4,'Banco de preguntas'!$I$5:$I$52,"Experto") -> 0 | F4: =SUM(B4:E4) -> 14 | G4: =IF(F4>=8,"Cumple","Faltan "&(8-F4)) -> Cumple
A5: Malvinas y el arte: canciones, música y compromiso | B5: =COUNTIFS('Banco de preguntas'!$B$5:$B$52,$A5,'Banco de preguntas'!$I$5:$I$52,"Fácil") -> 2 | C5: =COUNTIFS('Banco de preguntas'!$B$5:$B$52,$A5,'Banco de preguntas'!$I$5:$I$52,"Media") -> 5 | D5: =COUNTIFS('Banco de preguntas'!$B$5:$B$52,$A5,'Banco de preguntas'!$I$5:$I$52,"Difícil") -> 3 | E5: =COUNTIFS('Banco de preguntas'!$B$5:$B$52,$A5,'Banco de preguntas'!$I$5:$I$52,"Experto") -> 2 | F5: =SUM(B5:E5) -> 12 | G5: =IF(F5>=8,"Cumple","Faltan "&(8-F5)) -> Cumple
A6: Malvinas y el cine: imágenes, relatos y representaciones | B6: =COUNTIFS('Banco de preguntas'!$B$5:$B$52,$A6,'Banco de preguntas'!$I$5:$I$52,"Fácil") -> 1 | C6: =COUNTIFS('Banco de preguntas'!$B$5:$B$52,$A6,'Banco de preguntas'!$I$5:$I$52,"Media") -> 2 | D6: =COUNTIFS('Banco de preguntas'!$B$5:$B$52,$A6,'Banco de preguntas'!$I$5:$I$52,"Difícil") -> 4 | E6: =COUNTIFS('Banco de preguntas'!$B$5:$B$52,$A6,'Banco de preguntas'!$I$5:$I$52,"Experto") -> 3 | F6: =SUM(B6:E6) -> 10 | G6: =IF(F6>=8,"Cumple","Faltan "&(8-F6)) -> Cumple
A7: Malvinas y el fútbol: pasión, identidad y memoria | B7: =COUNTIFS('Banco de preguntas'!$B$5:$B$52,$A7,'Banco de preguntas'!$I$5:$I$52,"Fácil") -> 2 | C7: =COUNTIFS('Banco de preguntas'!$B$5:$B$52,$A7,'Banco de preguntas'!$I$5:$I$52,"Media") -> 6 | D7: =COUNTIFS('Banco de preguntas'!$B$5:$B$52,$A7,'Banco de preguntas'!$I$5:$I$52,"Difícil") -> 3 | E7: =COUNTIFS('Banco de preguntas'!$B$5:$B$52,$A7,'Banco de preguntas'!$I$5:$I$52,"Experto") -> 1 | F7: =SUM(B7:E7) -> 12 | G7: =IF(F7>=8,"Cumple","Faltan "&(8-F7)) -> Cumple
A8: Total | B8: =SUM(B4:B7) -> 9 | C8: =SUM(C4:C7) -> 18 | D8: =SUM(D4:D7) -> 15 | E8: =SUM(E4:E7) -> 6 | F8: =SUM(F4:F7) -> 48 | G8: =IF(F8>=40,"Cumple (mín. 40)","Faltan "&(40-F8)) -> Cumple (mín. 40)
